campaign_id,date,impressions,clicks,total_conversions,approved_conversion,spent,gender,age_group
1007,2025-03-15,169827,1985,243,101,845.7,Female,35-44
1015,2025-03-24,45390,684,105,34,209.05,Male,18-24
1011,2025-02-03,290855,4648,776,236,1074.39,Male,18-24
1008,2025-03-28,96658,998,169,62,343.12,Female,35-44
1007,2025-02-24,62993,859,103,42,179.77,Male,18-24
1019,2025-02-01,210768,3651,603,282,748.57,Male,35-44
1011,2025-02-19,163285,2972,540,175,742.06,Male,25-34
1011,2025-01-07,251860,3307,347,159,1021.42,Female,35-44
1004,2025-01-08,456000,8201,1567,740,1308.78,Female,25-34
1008,2025-03-06,274565,5402,556,183,715.07,Female,25-34
1003,2025-02-26,223008,4140,561,263,623.45,Female,18-24
1002,2025-03-08,497289,5557,564,281,1247.84,Female,25-34
1012,2025-03-29,22727,395,42,18,51.97,Male,25-34
1006,2025-03-28,379562,5008,957,437,1236.39,Female,35-44
1002,2025-02-28,9358,186,25,12,21.9,Male,35-44
1001,2025-03-13,332252,4935,703,296,835.86,Female,35-44
1012,2025-02-23,262681,2948,358,129,956.68,Male,45+
1012,2025-03-08,99018,1708,272,127,246.93,Female,25-34
1017,2025-02-20,391601,5180,826,349,858.25,Female,18-24
1010,2025-01-08,430333,8594,1179,490,1270.41,Female,25-34
1016,2025-02-03,486916,9639,1284,450,1295.66,Female,35-44
1015,2025-02-04,299054,4952,933,421,1060.42,Female,25-34
1015,2025-03-29,131888,1490,206,65,304.28,Female,35-44
1019,2025-03-19,234104,3949,589,285,996.19,Male,25-34
1012,2025-02-01,322898,3529,452,165,1523.66,Female,45+
1003,2025-02-15,198510,2043,365,118,839.76,Male,45+
1005,2025-01-16,114847,2093,292,113,413.27,Female,18-24
1019,2025-03-09,427587,5172,782,241,1959.21,Male,25-34
1007,2025-02-06,449717,6201,777,339,1836.98,Male,35-44
1009,2025-02-23,459162,9061,1801,865,932.86,Male,25-34
1007,2025-03-26,305611,4085,527,246,972.54,Male,25-34
1018,2025-01-14,415841,5391,954,310,1893.26,Male,35-44
1004,2025-02-24,301037,5774,824,268,914.42,Male,18-24
1014,2025-02-17,81329,903,108,49,171.25,Female,35-44
1018,2025-03-23,36007,633,113,54,152.62,Male,35-44
1009,2025-01-07,489518,9731,1297,508,2156.87,Female,18-24
1002,2025-03-15,175604,3338,622,248,435.81,Female,25-34
1015,2025-01-07,321397,5308,1016,369,1160.89,Male,25-34
1007,2025-02-02,17323,227,42,20,44.62,Male,35-44
1012,2025-01-23,378479,4747,491,210,1573.6,Female,18-24
1008,2025-03-26,117356,2135,381,136,330.32,Male,45+
1015,2025-01-19,115944,2179,307,110,341.88,Male,25-34
1003,2025-01-19,209451,3195,598,285,949.84,Male,18-24
1014,2025-02-05,412426,5131,840,254,1414.2,Male,25-34
1017,2025-01-29,283600,3156,578,210,1137.03,Male,25-34
1004,2025-03-01,36367,395,59,24,116.63,Male,25-34
1018,2025-03-23,59624,1024,157,51,172.55,Male,25-34
1008,2025-01-02,408322,5798,663,211,1582.83,Female,25-34
1004,2025-01-01,239565,4564,814,376,590.43,Male,18-24
1002,2025-02-16,73008,1270,180,86,227.71,Female,18-24
1006,2025-03-10,393070,4682,702,326,1032.64,Female,35-44
1010,2025-01-20,382539,6173,1101,528,1563.58,Female,25-34
1004,2025-01-11,121492,1744,278,114,587.13,Female,25-34
1018,2025-01-02,77240,1218,146,67,385.16,Male,35-44
1012,2025-03-08,331459,5760,915,344,1110.66,Female,25-34
1002,2025-03-28,467465,8443,1188,514,1289.08,Female,35-44
1010,2025-01-12,206659,3810,559,278,687.86,Female,25-34
1004,2025-01-20,277900,3484,358,123,1262.17,Female,18-24
1014,2025-01-05,466227,4807,581,219,1220.59,Female,45+
1016,2025-02-06,303522,5279,676,267,1473.99,Male,25-34
1015,2025-02-07,140327,1552,265,86,424.57,Male,35-44
1008,2025-01-09,412700,5426,548,173,2045.92,Female,25-34
1014,2025-02-22,130703,1312,184,85,590.23,Male,35-44
1008,2025-02-13,323693,5443,1047,518,1432.57,Male,45+
1016,2025-03-27,170575,1990,221,84,503.83,Female,18-24
1013,2025-01-24,340938,5643,855,271,690.85,Female,35-44
1018,2025-03-22,498948,9937,1775,555,1569.89,Female,25-34
1015,2025-03-15,312257,3349,650,310,907.24,Male,35-44
1013,2025-01-30,79069,851,148,58,167.01,Female,25-34
1009,2025-02-28,234189,3139,540,196,823.43,Male,45+
1015,2025-03-28,403465,7530,1375,543,1294.76,Male,18-24
1013,2025-03-22,256051,3112,450,163,999.54,Male,25-34
1001,2025-03-22,417417,5678,1025,407,1612.72,Female,45+
1007,2025-01-14,130541,1394,140,66,308.37,Male,35-44
1009,2025-01-09,194648,3431,660,276,959.79,Female,18-24
1001,2025-02-09,261353,3680,531,233,669.27,Female,25-34
1012,2025-03-07,276830,4870,756,281,923.46,Female,25-34
1008,2025-01-25,320507,6101,765,342,1110.35,Female,25-34
1011,2025-03-14,364687,4495,783,339,1618.91,Female,25-34
1019,2025-01-22,136733,2471,266,86,314.17,Male,35-44
1017,2025-01-04,180915,1916,358,148,594.47,Male,18-24
1008,2025-01-26,100673,1911,349,122,391.17,Male,35-44
1003,2025-02-27,459179,7579,921,424,1214.74,Male,35-44
1003,2025-01-29,47828,896,162,62,185.69,Male,25-34
1001,2025-03-28,315748,3158,564,281,1506.43,Female,25-34
1005,2025-02-06,277670,3246,529,168,1386.28,Female,25-34
1010,2025-03-16,336054,4670,641,292,704.82,Male,25-34
1007,2025-03-11,30592,422,53,23,82.81,Male,35-44
1009,2025-01-18,296126,3632,447,202,867.92,Male,25-34
1007,2025-03-26,267351,3693,486,175,854.82,Female,35-44
1009,2025-02-11,237041,2675,509,202,646.36,Female,25-34
1008,2025-02-10,355877,5027,541,248,929.0,Female,25-34
1012,2025-02-07,235008,4235,774,268,1143.0,Male,18-24
1002,2025-02-03,129982,1922,259,89,618.14,Male,18-24
1001,2025-01-17,261911,2666,405,166,560.75,Male,18-24
1016,2025-02-06,73619,1046,187,75,222.07,Male,25-34
1005,2025-01-25,165400,1698,319,113,531.83,Female,45+
1003,2025-03-17,313623,6166,829,298,852.13,Male,35-44
1012,2025-03-28,156175,1760,257,91,606.99,Male,25-34
1008,2025-03-27,175963,3004,424,192,689.98,Male,18-24
1003,2025-03-26,146826,2896,293,126,668.28,Female,18-24
1001,2025-01-27,236055,4310,558,260,996.77,Female,25-34
1003,2025-02-26,348581,5923,864,427,1264.55,Male,25-34
1005,2025-01-31,103540,1904,268,105,410.1,Female,25-34
1015,2025-01-06,340126,6740,1160,363,959.82,Female,18-24
1014,2025-02-09,107747,1746,241,74,407.19,Female,18-24
1003,2025-01-12,191994,2993,445,159,665.77,Female,18-24
1001,2025-02-22,315375,5135,734,357,756.91,Female,18-24
1005,2025-03-12,34301,525,91,36,93.56,Male,35-44
1014,2025-01-10,227724,3723,693,245,654.72,Male,18-24
1007,2025-02-14,198783,2882,441,167,948.78,Male,25-34
1009,2025-01-17,177395,2161,386,162,477.4,Female,25-34
1015,2025-01-26,23752,266,34,14,68.11,Female,45+
1015,2025-03-26,496128,5300,816,269,1542.0,Female,45+
1010,2025-03-03,218277,2757,370,183,871.19,Female,35-44
1013,2025-02-15,365596,3824,540,220,860.87,Male,18-24
1019,2025-03-05,149467,2342,405,132,726.68,Male,25-34
1007,2025-01-02,222029,2850,536,256,1020.6,Male,35-44
1017,2025-02-23,388381,7086,794,250,1449.3,Male,18-24
1004,2025-03-06,61273,658,107,51,246.45,Male,25-34
1005,2025-02-20,263503,3231,511,255,540.18,Male,45+
1007,2025-02-22,96878,1676,187,82,292.26,Female,25-34
1013,2025-02-05,272039,4349,527,239,1193.43,Female,18-24
1015,2025-01-26,124968,1330,174,63,278.98,Male,18-24
1011,2025-01-29,382844,7186,838,409,1089.93,Female,25-34
1004,2025-01-21,81559,1531,190,77,306.33,Male,18-24
1013,2025-01-11,15699,208,26,11,43.47,Male,35-44
1007,2025-02-09,201133,2695,359,174,965.83,Female,35-44
1019,2025-01-11,14715,292,51,25,35.22,Male,18-24
1002,2025-02-05,24169,393,61,28,106.15,Male,45+
1010,2025-02-28,123413,1889,375,135,434.89,Male,25-34
1013,2025-02-08,414379,7616,1077,531,1761.52,Female,18-24
1006,2025-02-23,124264,1597,280,119,364.36,Female,35-44
1012,2025-02-24,272926,3900,729,354,967.1,Female,35-44
1012,2025-01-24,224249,2842,477,207,1024.93,Female,35-44
1011,2025-01-22,129481,2316,326,117,440.32,Male,45+
1007,2025-03-10,220400,3467,607,227,678.65,Female,35-44
1001,2025-02-25,40585,673,81,33,146.45,Female,45+
1001,2025-02-02,297826,3729,495,226,1236.6,Female,25-34
1013,2025-02-05,183936,2244,347,126,612.63,Male,35-44
1009,2025-01-20,397136,5910,931,387,1912.86,Female,45+
1003,2025-03-24,351560,6108,624,230,1014.19,Female,35-44
1007,2025-03-22,453330,6914,1344,622,1553.29,Male,18-24
1006,2025-03-03,394954,4078,691,271,1686.76,Male,25-34
1008,2025-03-14,43067,804,120,37,175.17,Male,25-34
1009,2025-01-26,178757,1903,367,122,820.66,Male,18-24
1005,2025-03-07,258334,5052,727,226,1289.2,Female,45+
1001,2025-03-14,23073,236,46,18,75.69,Male,18-24
1019,2025-03-14,41035,695,105,33,95.75,Female,18-24
1010,2025-02-09,201049,2175,242,78,420.44,Female,45+
1012,2025-01-17,238782,4562,805,393,998.26,Female,25-34
1015,2025-01-01,95373,1396,234,111,440.82,Female,18-24
1009,2025-03-30,350506,3987,706,275,933.1,Female,25-34
1017,2025-03-02,95517,1280,249,123,236.44,Male,35-44
1017,2025-02-12,70450,820,145,43,154.05,Female,18-24
1012,2025-02-11,15382,180,29,12,68.73,Female,45+
1007,2025-01-25,402653,7844,1456,616,1181.44,Female,25-34
1002,2025-02-08,207043,2992,500,195,663.59,Male,25-34
1003,2025-02-04,462828,8279,1165,441,1623.72,Female,25-34
1017,2025-01-03,226427,3712,699,273,1023.08,Female,35-44
1005,2025-02-13,66929,1122,137,52,264.54,Male,25-34
1017,2025-02-20,238483,2698,462,206,917.01,Female,25-34
1017,2025-01-12,233590,2882,542,177,590.29,Female,25-34
1017,2025-01-19,366008,6539,1132,384,1295.51,Male,35-44
1002,2025-02-13,148401,2924,496,166,615.29,Female,18-24
1002,2025-02-28,261677,3304,579,204,1287.39,Female,35-44
1005,2025-02-18,292313,3716,544,220,761.25,Female,35-44
1001,2025-03-02,92468,1361,255,82,187.58,Female,18-24
1001,2025-01-17,39594,785,94,44,88.13,Female,18-24
1019,2025-03-15,475173,6029,679,244,1486.13,Male,25-34
1002,2025-02-26,196703,2767,355,118,877.62,Male,25-34
1012,2025-02-24,50033,946,144,62,101.14,Male,18-24
1006,2025-02-16,68133,683,103,31,229.62,Female,25-34
1004,2025-01-12,471381,4901,892,378,1408.34,Female,25-34
1011,2025-03-03,78861,1264,177,77,170.14,Female,25-34
1017,2025-03-21,188362,3592,533,182,631.15,Male,25-34
1006,2025-03-29,492247,6098,617,190,1360.69,Female,25-34
1005,2025-03-24,298894,4392,619,230,913.32,Female,35-44
1002,2025-01-08,493371,7156,1179,376,2031.13,Female,45+
1006,2025-01-21,45461,669,67,21,162.05,Male,45+
1011,2025-03-22,472016,7658,980,343,1120.54,Male,25-34
1016,2025-03-28,83222,1223,147,52,406.48,Female,25-34
1016,2025-03-21,117020,1693,176,71,457.28,Female,25-34
1001,2025-03-11,291370,4295,635,276,1252.19,Female,18-24
1009,2025-03-13,273865,4356,514,215,612.81,Male,18-24
1006,2025-01-25,454370,6983,1217,401,972.89,Male,35-44
1016,2025-03-23,25609,474,87,29,52.71,Male,25-34
1003,2025-03-30,450346,4726,730,347,1155.76,Female,25-34
1004,2025-01-12,135513,2484,492,202,439.5,Male,45+
1019,2025-01-15,208981,3853,558,264,1004.67,Female,18-24
1003,2025-02-28,109211,1403,212,79,368.17,Female,18-24
1019,2025-01-26,191321,2798,556,235,549.24,Male,18-24
1007,2025-01-26,447111,6431,792,320,1647.96,Female,25-34
1009,2025-02-16,492689,6003,1166,424,1150.82,Male,35-44
1001,2025-02-01,403872,5641,588,231,1546.23,Female,25-34
1008,2025-01-10,392009,4094,592,237,1452.51,Female,25-34
1007,2025-01-16,341664,4365,467,158,1495.11,Male,35-44
1018,2025-03-12,461956,8392,1451,526,2291.33,Female,35-44
1008,2025-01-17,331453,4257,684,313,912.36,Female,45+
1001,2025-01-23,34984,636,108,52,123.46,Female,35-44
1011,2025-01-26,123947,1898,260,96,585.85,Female,25-34
1018,2025-03-26,209894,3945,540,195,914.21,Female,18-24
1010,2025-03-27,10901,171,17,5,37.74,Female,18-24
1003,2025-01-07,167624,1725,232,101,810.65,Female,18-24
1007,2025-01-14,227317,3808,734,267,493.67,Female,35-44
1016,2025-03-20,298199,3115,429,213,1429.27,Male,35-44
1016,2025-01-07,173757,2520,461,168,373.84,Male,25-34
1017,2025-01-09,472181,9110,1678,635,1719.64,Female,18-24
1002,2025-02-17,150788,1756,241,101,704.38,Female,25-34
1001,2025-03-13,119099,1655,270,124,332.07,Male,45+
1016,2025-02-28,16138,279,30,11,55.14,Female,25-34
1012,2025-03-28,171370,3225,355,136,509.48,Male,35-44
1005,2025-03-23,449328,7508,787,392,2182.13,Male,35-44
1005,2025-02-08,28429,357,56,16,127.1,Male,45+
1009,2025-01-18,55200,924,131,62,227.81,Female,35-44
1009,2025-02-28,207380,2689,416,137,780.35,Female,35-44
1003,2025-01-17,446460,7672,1166,533,1992.0,Female,18-24
1019,2025-01-14,253289,4949,668,282,804.65,Male,18-24
1016,2025-01-31,250127,4305,722,265,836.09,Male,25-34
1016,2025-01-24,368412,6863,1206,572,1543.65,Male,18-24
1003,2025-03-01,241513,2420,245,74,742.23,Female,45+
1001,2025-02-14,22347,383,46,15,48.98,Male,25-34
1011,2025-01-03,152992,2799,479,198,340.1,Male,45+
1017,2025-02-06,36822,383,53,19,86.39,Female,25-34
1008,2025-02-12,444875,8326,1384,584,2050.45,Male,25-34
1004,2025-02-09,45108,566,76,23,154.12,Male,45+
1006,2025-03-31,396099,6596,917,296,1639.31,Female,25-34
1008,2025-02-24,487315,8773,1016,330,1549.04,Female,25-34
1003,2025-03-28,12967,215,27,9,36.0,Male,18-24
1016,2025-02-08,377863,4127,662,259,1149.3,Female,35-44
1003,2025-01-15,16871,269,38,17,73.94,Male,25-34
1018,2025-01-04,230371,3569,633,304,892.84,Female,25-34
1014,2025-03-27,213524,4057,751,350,1027.67,Male,25-34
1018,2025-01-25,210342,2953,455,154,849.6,Female,35-44
1002,2025-01-13,169685,2241,394,152,629.62,Male,35-44
1003,2025-03-23,33179,580,75,25,127.1,Female,25-34
1016,2025-02-02,256537,3624,512,180,1238.33,Female,25-34
1009,2025-01-16,188260,3098,530,212,821.68,Female,35-44
1004,2025-02-11,322243,5305,735,230,667.73,Female,25-34
1001,2025-03-07,40262,760,120,41,145.04,Female,25-34
1004,2025-02-24,345357,5521,654,318,1403.88,Female,25-34
1001,2025-02-11,384551,5776,924,363,1632.84,Female,45+
1014,2025-02-03,416484,4743,882,343,1099.28,Male,25-34
1016,2025-01-30,476082,5311,992,300,2190.71,Male,25-34
1008,2025-01-13,353413,4079,703,245,1720.25,Female,35-44
1007,2025-01-13,65545,768,134,63,177.64,Female,35-44
1003,2025-01-18,239555,3923,611,203,1113.41,Male,18-24
1017,2025-02-01,228894,3985,631,241,524.38,Male,25-34
1001,2025-02-08,208218,3185,361,109,451.23,Female,35-44
1016,2025-02-15,470182,8599,1241,491,1122.64,Male,45+
1012,2025-01-29,307066,6114,887,269,667.32,Male,35-44
1019,2025-03-03,477580,8692,1702,789,2165.84,Female,25-34
1014,2025-03-03,47913,812,116,53,104.31,Female,18-24
1006,2025-02-26,364177,5580,864,395,1025.16,Female,45+
1006,2025-01-16,371936,5388,826,294,859.64,Male,35-44
1013,2025-02-25,255497,2770,453,211,737.43,Female,18-24
1019,2025-01-10,453893,6351,1110,453,1031.1,Female,18-24
1008,2025-01-30,448057,8558,1048,392,1794.02,Male,35-44
1002,2025-01-25,182404,3297,504,214,437.77,Female,25-34
1001,2025-03-25,490278,5962,1088,329,2233.48,Male,25-34
1015,2025-01-05,387007,5675,830,272,1722.79,Male,18-24
1001,2025-03-06,493910,8972,1147,514,1008.06,Male,25-34
1005,2025-02-18,161104,1719,284,99,755.12,Male,25-34
1016,2025-01-03,173918,2412,439,184,362.94,Male,35-44
1019,2025-02-14,195546,3621,384,144,531.68,Male,25-34
1004,2025-01-14,49936,701,124,58,104.72,Female,25-34
1003,2025-01-30,165866,1787,325,159,498.85,Female,25-34
1017,2025-03-09,197660,3048,445,212,700.03,Female,25-34
1017,2025-01-18,207056,3854,764,270,908.96,Male,18-24
1012,2025-03-03,448547,7133,1274,431,1351.9,Female,25-34
1014,2025-02-06,230469,2826,501,197,948.72,Male,35-44
1006,2025-01-25,33141,458,80,24,84.92,Female,18-24
1003,2025-02-17,407290,5906,679,207,1731.71,Male,18-24
1009,2025-03-06,142478,2250,273,112,385.83,Female,18-24
1005,2025-02-22,102359,1800,263,106,248.8,Male,25-34
1017,2025-03-20,390423,4290,542,270,998.01,Female,45+
1014,2025-03-14,159363,3011,426,144,405.77,Male,18-24
1003,2025-01-15,46568,471,88,30,164.78,Female,45+
1001,2025-02-18,102539,1404,256,82,464.95,Male,18-24
1001,2025-03-29,51851,532,86,41,116.08,Female,35-44
1003,2025-03-09,498158,6939,1289,587,2052.84,Female,25-34
1018,2025-01-12,59823,912,162,75,237.08,Female,35-44
1010,2025-02-28,28312,427,61,29,130.73,Male,25-34
1003,2025-02-06,441324,5144,617,249,1205.89,Male,25-34
1008,2025-03-02,465134,7654,1158,451,1558.35,Male,35-44
1014,2025-02-12,432387,4517,784,287,2065.72,Male,35-44
1018,2025-03-11,439995,7752,1113,465,1751.17,Male,25-34
1015,2025-02-08,204900,3988,664,259,648.78,Female,18-24
1002,2025-02-25,365867,4901,536,209,875.97,Male,18-24
1010,2025-03-04,279555,4241,741,361,779.25,Female,35-44
1002,2025-02-15,254062,3503,634,314,951.12,Female,25-34
1017,2025-03-29,324153,3263,556,255,1346.69,Male,25-34
1008,2025-01-11,413638,5732,1127,508,981.67,Female,35-44
1001,2025-03-03,440684,7895,1442,628,1674.07,Male,45+
1009,2025-03-18,37371,596,113,37,136.44,Male,35-44
1011,2025-01-25,62022,683,132,41,219.67,Male,35-44
1016,2025-03-12,338373,6250,1125,492,1377.3,Female,35-44
1007,2025-02-21,104071,1593,266,118,469.6,Male,25-34
1010,2025-01-04,187268,3448,346,107,555.99,Male,25-34
1003,2025-02-28,478570,7562,1108,538,2233.5,Male,35-44
1018,2025-03-13,363918,5675,891,283,903.21,Female,25-34
1013,2025-01-20,494626,5466,712,254,1246.0,Male,45+
1007,2025-03-04,293859,3430,452,196,822.9,Female,18-24
1004,2025-02-23,294749,5812,1139,380,695.19,Female,18-24
1013,2025-03-15,104853,1288,243,75,282.15,Male,45+
1001,2025-02-26,36174,715,132,48,83.9,Female,35-44
1008,2025-03-31,408172,6252,879,398,1822.59,Female,25-34
1014,2025-02-10,81373,924,93,35,196.67,Male,35-44
1016,2025-01-03,336396,3698,399,171,1426.96,Male,35-44
1014,2025-01-06,198021,2393,314,130,424.51,Male,25-34
1012,2025-01-05,198718,3826,388,118,962.9,Female,18-24
1019,2025-01-05,75017,1060,107,53,310.08,Male,35-44
1015,2025-02-23,68037,949,181,55,137.46,Female,45+
1002,2025-02-16,94818,1245,212,104,406.92,Female,18-24
1002,2025-03-28,11548,132,17,6,40.91,Female,45+
1019,2025-02-18,121981,1814,205,100,529.17,Female,45+
1017,2025-01-09,239213,2703,408,131,853.39,Female,25-34
1010,2025-01-20,209366,3842,386,153,821.36,Male,35-44
1006,2025-03-02,159249,2182,422,140,694.17,Male,25-34
1015,2025-02-04,291166,4002,566,175,936.19,Female,25-34
1011,2025-02-19,111297,1640,229,96,223.5,Female,35-44
1005,2025-03-23,141614,2045,284,97,644.32,Male,45+
1001,2025-03-03,227084,4530,484,202,713.65,Male,35-44
1008,2025-01-17,494536,7642,1252,403,1725.0,Female,25-34
1012,2025-03-29,65428,711,123,45,132.38,Female,18-24
1012,2025-01-03,158812,2551,427,194,552.07,Male,18-24
1005,2025-02-01,326497,3759,427,165,1619.25,Male,25-34
1007,2025-01-13,488569,5036,795,338,1385.0,Female,18-24
1004,2025-03-30,118132,2328,365,156,376.4,Male,25-34
1006,2025-03-14,192604,3415,638,299,782.27,Male,25-34
1013,2025-03-09,21052,416,57,20,93.56,Female,35-44
1015,2025-01-14,105689,1561,214,93,343.72,Female,25-34
1003,2025-01-11,183148,2806,454,223,536.44,Female,25-34
1008,2025-02-25,451636,5276,861,384,2173.94,Male,25-34
1016,2025-03-08,136743,1705,250,99,551.27,Female,18-24
1013,2025-01-29,267307,4914,709,302,630.06,Male,18-24
1018,2025-01-09,308568,4184,625,279,680.94,Female,25-34
1010,2025-03-08,451960,8256,1536,648,1559.56,Female,45+
1019,2025-01-25,468547,8007,1169,354,1246.46,Male,18-24
1017,2025-03-17,408850,4812,933,316,1129.22,Male,35-44
1019,2025-02-11,140870,2123,319,147,652.66,Female,45+
1005,2025-01-09,289564,4857,946,335,656.93,Female,35-44
1009,2025-03-20,125575,1550,284,126,520.65,Male,18-24
1012,2025-02-09,263230,4818,656,245,740.58,Female,45+
1001,2025-01-25,296444,4579,853,344,1269.07,Male,18-24
1001,2025-01-05,357025,4160,461,144,1487.81,Male,25-34
1015,2025-01-11,15749,249,47,15,31.85,Female,45+
1002,2025-02-28,109131,2182,356,174,384.95,Male,35-44
1016,2025-03-29,161193,1854,195,93,389.76,Male,25-34
1008,2025-03-20,395707,7189,1182,508,1819.73,Male,25-34
1013,2025-02-07,304631,3677,725,284,1405.8,Female,25-34
1001,2025-03-13,230019,4099,438,190,748.72,Male,25-34
1016,2025-01-05,431577,7486,1163,492,1438.53,Female,25-34
1007,2025-02-17,288367,3750,655,270,839.1,Female,45+
1005,2025-03-31,77930,1033,186,58,323.4,Female,45+
1003,2025-01-18,150128,2691,380,162,461.79,Male,45+
1012,2025-03-11,295524,4318,519,235,828.47,Male,25-34
1016,2025-02-06,293179,5074,528,263,966.52,Female,35-44
1019,2025-03-01,297764,3418,539,162,677.25,Female,45+
1005,2025-02-17,418093,7745,1125,501,1772.63,Male,45+
1014,2025-03-18,261553,4474,871,360,532.99,Female,25-34
1005,2025-01-28,453532,8648,917,354,1783.95,Female,18-24
1015,2025-03-10,200113,2266,381,124,510.01,Male,18-24
1017,2025-03-18,384504,6125,627,239,1037.09,Female,25-34
1014,2025-03-22,58352,933,109,40,227.98,Male,35-44
1005,2025-02-09,429127,5808,844,304,2136.55,Male,35-44
1012,2025-02-14,168856,2462,358,159,731.68,Female,25-34
1016,2025-03-03,8191,85,14,6,21.93,Male,18-24
1016,2025-02-27,431376,7531,1438,600,1090.55,Male,25-34
1007,2025-03-08,357680,5541,908,442,1644.86,Male,25-34
1004,2025-02-25,109576,1159,226,83,365.17,Female,18-24
1001,2025-02-09,200713,3373,634,221,483.95,Female,35-44
1005,2025-02-09,447939,6570,1041,448,2054.53,Female,25-34
1010,2025-03-18,8631,89,16,5,38.39,Male,35-44
1005,2025-02-02,142244,2801,460,166,704.35,Male,25-34
1004,2025-01-06,309224,6027,650,224,1462.39,Female,25-34
1002,2025-03-29,225169,3406,592,185,1025.73,Female,25-34
1010,2025-01-19,95353,1042,114,53,205.75,Male,45+
1019,2025-03-21,418497,7343,1170,410,968.09,Female,18-24
1001,2025-02-09,33671,502,85,33,124.82,Female,35-44
1005,2025-02-28,127811,1664,177,54,459.41,Female,25-34
1013,2025-02-28,187503,2796,344,151,632.61,Female,45+
1004,2025-02-17,226972,3455,661,242,724.12,Female,35-44
1016,2025-02-10,258211,4035,652,292,850.45,Male,25-34
1016,2025-01-13,394878,5691,709,271,1464.17,Female,35-44
1002,2025-02-14,229033,3677,621,210,459.49,Female,18-24
1017,2025-03-30,426818,8189,1307,526,1187.46,Male,45+
1012,2025-02-22,224861,3063,459,149,799.34,Male,25-34
1018,2025-02-11,318543,5497,1086,421,1327.26,Male,25-34
1003,2025-03-04,159544,3022,508,184,402.44,Male,35-44
1001,2025-01-27,185302,2697,370,178,674.62,Female,35-44
1001,2025-02-07,471832,6810,1225,382,1954.98,Female,18-24
1019,2025-03-01,12099,193,36,15,40.34,Female,35-44
1011,2025-01-07,254686,4053,456,153,530.06,Female,25-34
1005,2025-01-05,423647,7653,918,333,1418.29,Male,25-34
1012,2025-02-14,61492,907,110,42,177.67,Male,35-44
1003,2025-02-27,101722,2030,343,165,487.14,Female,25-34
1001,2025-01-31,445900,4724,757,263,1058.5,Female,25-34
1001,2025-01-23,35111,352,56,17,138.95,Female,35-44
1008,2025-02-11,68936,1130,219,79,148.77,Female,18-24
1010,2025-01-10,158686,2060,365,117,529.78,Male,35-44
1011,2025-02-01,228332,2832,319,103,836.14,Female,18-24
1012,2025-02-22,440207,5775,778,322,1273.9,Male,18-24
1013,2025-01-30,206548,2594,372,116,695.08,Male,18-24
1012,2025-02-08,254031,2618,365,111,632.71,Male,35-44
1014,2025-01-31,328064,6467,1079,477,955.44,Male,35-44
1002,2025-03-23,492510,6012,1137,423,1902.72,Female,18-24
1019,2025-01-02,68530,1188,155,50,199.11,Female,18-24
1018,2025-03-19,434440,7657,1188,416,2041.53,Female,45+
1003,2025-03-18,274932,5304,949,406,1068.17,Female,18-24
1017,2025-01-12,33082,340,48,17,109.7,Male,45+
1008,2025-02-08,390431,7309,853,340,826.26,Male,18-24
1010,2025-03-07,94570,1444,212,68,330.87,Male,35-44
1002,2025-01-13,106015,1730,182,76,455.26,Female,25-34
1019,2025-02-15,212888,3500,679,246,595.38,Male,45+
1009,2025-01-27,350732,6382,685,291,1550.35,Male,35-44
1007,2025-01-17,152603,2034,292,134,420.49,Male,25-34
1004,2025-03-01,355484,6160,942,397,1589.45,Male,18-24
1018,2025-03-05,99439,1520,301,108,224.31,Female,35-44
1013,2025-03-29,443073,7946,926,325,2037.49,Male,35-44
1011,2025-02-04,146214,2910,324,118,511.39,Male,18-24
1004,2025-03-11,120053,1441,145,48,346.91,Female,18-24
1004,2025-03-24,53355,1064,122,41,149.15,Female,35-44
1010,2025-01-30,408082,4447,536,245,1345.05,Female,25-34
1005,2025-03-12,206139,2066,336,126,1030.11,Male,35-44
1009,2025-03-15,239706,2502,305,118,637.85,Male,25-34
1003,2025-03-04,130426,1750,178,74,301.24,Male,45+
1017,2025-01-28,69027,1127,205,85,259.2,Male,45+
1003,2025-03-01,456122,4876,665,208,1580.75,Female,45+
1016,2025-03-20,164210,1651,223,103,586.65,Male,18-24
1004,2025-02-06,97601,1890,246,82,390.48,Male,45+
1018,2025-01-22,34956,636,125,55,97.93,Female,25-34
1017,2025-03-09,243340,4402,515,234,1151.48,Female,25-34
1007,2025-01-20,109797,2069,392,173,363.1,Female,25-34
1005,2025-03-09,392061,6665,1184,492,935.95,Male,18-24
1012,2025-03-05,393447,4345,467,141,1663.06,Male,45+
1017,2025-01-17,474511,6638,1318,490,1864.5,Male,18-24
1013,2025-01-12,141511,2438,309,130,417.07,Male,35-44
1003,2025-01-22,445457,5703,626,236,1721.49,Male,35-44
1009,2025-01-17,309677,5225,955,451,823.61,Female,35-44
1017,2025-01-10,426486,4369,745,269,1422.13,Female,18-24
1017,2025-03-06,83815,1094,176,63,393.78,Male,25-34
1016,2025-01-22,44279,685,79,27,106.3,Male,35-44
1013,2025-03-31,376931,6151,909,333,1191.14,Male,25-34
1019,2025-03-23,422104,6656,1185,487,1884.03,Male,25-34
1017,2025-02-19,153702,2609,340,150,754.44,Male,25-34
1004,2025-01-14,66063,664,87,37,222.09,Female,25-34
1012,2025-03-05,254599,2802,281,129,896.44,Female,45+
1009,2025-02-16,259311,4846,569,271,963.73,Female,25-34
1019,2025-01-29,132896,2234,418,193,637.51,Male,25-34
1012,2025-03-17,171216,1905,274,83,783.25,Male,25-34
1009,2025-02-05,450377,8296,1646,736,1131.26,Female,25-34
1007,2025-02-21,494934,6148,858,293,1638.37,Female,18-24
1014,2025-03-17,227146,3357,575,187,770.48,Male,25-34
1019,2025-01-07,213432,2444,313,133,932.12,Female,25-34
1015,2025-01-29,187051,3198,436,158,712.42,Female,35-44
1016,2025-01-11,102661,1711,203,63,406.81,Male,25-34
1005,2025-02-02,405195,4907,661,216,2023.79,Female,25-34
1003,2025-01-06,424405,7908,1223,367,944.25,Female,25-34
1012,2025-03-20,178672,2503,498,239,476.88,Female,18-24
1004,2025-02-01,457776,5916,984,300,1475.73,Male,45+
1016,2025-02-20,476256,5488,658,224,1449.41,Female,25-34
1007,2025-03-16,128257,1623,169,64,264.84,Female,18-24
1013,2025-02-27,459774,4699,529,196,1046.14,Female,18-24
1010,2025-03-28,353349,5594,874,421,1428.54,Male,45+
1007,2025-01-26,274054,5048,891,274,1271.06,Male,18-24
1014,2025-02-15,455929,7062,1370,551,1615.21,Female,35-44
1005,2025-01-29,314001,3828,388,169,1135.92,Male,18-24
1003,2025-01-04,39964,413,62,30,110.51,Female,45+
1011,2025-03-22,483883,5877,864,366,2082.45,Male,45+
1011,2025-01-13,423443,5996,992,457,1801.91,Male,25-34
1018,2025-02-08,404194,7112,1109,351,1521.83,Female,18-24
1015,2025-01-15,485743,5769,973,367,1281.39,Female,25-34
1012,2025-01-29,284297,4889,810,303,651.34,Female,25-34
1009,2025-01-29,326909,6103,681,325,716.82,Male,25-34
1010,2025-03-16,235156,3419,615,203,888.44,Female,25-34
1012,2025-02-01,113212,2062,231,76,506.64,Male,18-24
1017,2025-01-02,44071,685,116,42,201.62,Male,25-34
1006,2025-02-16,117990,1931,273,84,400.09,Female,25-34
1007,2025-03-19,74519,1137,172,57,324.37,Male,25-34
1014,2025-03-25,14503,212,40,19,70.2,Female,18-24
1013,2025-01-22,196775,2429,459,177,555.99,Male,45+
1008,2025-03-16,462595,6028,1095,466,1477.47,Female,25-34
1010,2025-01-27,100457,1295,195,86,481.63,Male,35-44
1009,2025-03-08,193938,3031,526,196,584.66,Male,25-34
1018,2025-03-22,152977,1713,259,85,725.36,Female,18-24
1002,2025-02-25,50838,974,182,62,251.3,Male,25-34
1005,2025-01-21,392344,6750,946,343,1563.66,Female,25-34
1005,2025-02-16,456495,6397,1260,538,2031.71,Male,35-44
1006,2025-03-21,94489,1094,211,80,401.45,Male,35-44
1019,2025-02-28,31806,598,104,31,130.36,Male,25-34
1008,2025-03-25,181072,3302,422,170,528.87,Female,45+
1016,2025-01-06,420384,7237,818,396,912.77,Female,25-34
1013,2025-01-19,75119,955,177,81,227.55,Female,45+
1001,2025-02-26,305858,4289,499,232,1223.68,Female,45+
1017,2025-03-10,190165,2097,388,178,438.82,Female,18-24
1007,2025-01-03,322563,3835,571,208,656.66,Male,25-34
1013,2025-01-01,447361,7976,1121,507,1082.2,Male,25-34
1004,2025-02-27,110432,1893,360,118,457.98,Female,35-44
1004,2025-02-07,475641,7579,1215,524,2339.38,Male,25-34
1006,2025-01-15,360093,6826,1076,460,1782.17,Male,45+
1019,2025-02-03,476027,7536,1174,358,1657.5,Male,35-44
1012,2025-03-02,400677,5877,805,368,1846.34,Male,18-24
1007,2025-02-04,412507,5529,987,474,1736.85,Female,18-24
1010,2025-03-05,182876,3548,444,156,640.64,Male,35-44
1019,2025-01-25,344115,3725,722,333,1279.52,Female,18-24
1007,2025-01-24,360615,6963,1318,417,869.69,Female,35-44
1003,2025-01-12,332090,6066,811,340,1598.34,Male,25-34
1013,2025-01-18,366133,4137,715,283,1118.83,Female,25-34
1013,2025-01-15,89080,1394,219,89,297.39,Male,18-24
1018,2025-03-21,257791,4811,643,312,1035.03,Male,35-44
1008,2025-01-27,459548,7223,1436,681,1379.43,Male,18-24
1009,2025-03-13,82794,1579,161,73,228.74,Female,35-44
1007,2025-03-01,297985,5789,725,257,1160.1,Female,25-34
1001,2025-02-15,129447,1841,279,134,268.6,Female,35-44
1003,2025-03-30,125029,1722,262,83,520.39,Male,25-34
1013,2025-01-17,184830,3578,568,267,654.68,Male,18-24
1017,2025-02-22,343416,5752,1007,368,1310.91,Male,35-44
1001,2025-01-08,42643,475,77,23,166.12,Female,18-24
1006,2025-03-20,448624,4675,748,324,1606.59,Male,25-34
1006,2025-01-27,311094,4867,512,177,1165.86,Male,18-24
1012,2025-02-15,192921,3723,512,178,781.59,Female,35-44
1013,2025-02-19,367644,6780,835,301,1565.93,Female,45+
1013,2025-03-12,164116,2750,347,108,686.39,Female,25-34
1015,2025-01-03,392732,4473,695,233,1810.04,Male,25-34
1016,2025-03-05,20997,263,31,9,53.93,Male,35-44
1011,2025-02-13,346895,6506,841,327,1111.26,Male,18-24
1005,2025-02-22,103605,1225,151,47,501.8,Female,45+
1004,2025-01-24,422127,5396,1051,458,1346.49,Female,18-24
1003,2025-03-01,322677,3644,708,245,766.23,Female,45+
1019,2025-01-03,349710,5861,943,460,1250.68,Female,35-44
1018,2025-01-20,230942,4489,863,409,537.74,Male,35-44
1015,2025-02-15,150643,1911,341,122,392.96,Male,35-44
1009,2025-01-15,113255,1670,265,121,565.7,Male,25-34
1017,2025-01-25,265298,4335,436,200,961.46,Male,25-34
1014,2025-03-19,492679,9850,1745,867,1405.21,Male,18-24
1015,2025-03-12,456157,5039,857,359,2273.63,Male,35-44
1001,2025-01-17,63005,944,152,48,308.7,Male,35-44
1003,2025-03-25,222322,3079,542,232,738.6,Male,45+
1016,2025-01-09,194784,3634,549,233,541.74,Female,25-34
1011,2025-02-07,48541,716,122,52,219.17,Female,18-24
1012,2025-02-17,28387,315,60,21,117.72,Male,25-34
1010,2025-03-01,361124,5902,812,383,1466.46,Female,35-44
1016,2025-03-04,184980,3275,559,274,865.58,Male,18-24
1008,2025-03-27,90457,907,133,45,368.0,Male,25-34
1006,2025-01-02,149129,2772,464,147,425.23,Female,35-44
1012,2025-03-29,69028,818,144,48,281.74,Male,25-34
1008,2025-03-13,124246,1928,201,93,362.48,Male,25-34
1004,2025-01-11,322875,4571,752,327,1381.17,Male,25-34
1008,2025-03-05,160930,2767,339,144,621.07,Male,35-44
1018,2025-03-18,184761,2533,423,160,412.43,Male,25-34
1005,2025-03-22,49638,928,136,56,175.64,Male,35-44
1009,2025-03-13,489814,8476,1503,543,1484.09,Male,18-24
1004,2025-01-21,182558,3008,337,133,545.07,Female,45+
1017,2025-01-18,25567,459,74,33,97.33,Female,25-34
1009,2025-03-05,427955,7506,959,475,1269.73,Male,25-34
1001,2025-03-23,62804,650,120,58,271.98,Female,35-44
1013,2025-02-07,375965,5243,1011,492,831.78,Male,35-44
1016,2025-02-01,8754,169,33,12,34.85,Male,18-24
1013,2025-01-11,32044,360,64,25,141.88,Male,35-44
1014,2025-02-14,72260,1255,220,97,290.38,Male,25-34
1003,2025-03-30,71912,1419,172,83,251.09,Female,45+
1006,2025-02-02,261695,2753,367,120,1269.46,Female,35-44
1018,2025-02-10,13706,230,33,11,39.74,Female,25-34
1019,2025-01-08,276038,4052,718,235,567.95,Female,35-44
1005,2025-01-11,416253,6573,1258,531,1371.96,Male,25-34
1015,2025-03-27,351130,3810,453,163,737.03,Female,18-24
1002,2025-02-20,349086,3640,699,255,1697.19,Male,45+
1010,2025-03-29,187684,3128,530,166,493.56,Male,35-44
1018,2025-02-10,34725,633,101,37,151.64,Female,25-34
1013,2025-01-17,141998,2530,303,143,613.96,Male,25-34
1005,2025-03-17,109555,1691,178,61,290.67,Female,25-34
1001,2025-02-15,266486,2930,459,201,1029.62,Female,45+
1001,2025-02-01,276640,4669,771,328,593.18,Female,18-24
1018,2025-03-20,61447,763,92,43,212.04,Female,25-34
1015,2025-03-21,368748,7047,1096,357,753.7,Female,25-34
1017,2025-02-23,165878,3049,566,280,790.15,Male,25-34
1011,2025-03-27,355343,6074,1114,464,1751.22,Female,25-34
1017,2025-01-20,46321,902,173,86,123.53,Female,18-24
1013,2025-02-02,258113,2662,363,175,677.37,Male,18-24
1001,2025-03-15,238103,4133,544,187,1014.6,Female,25-34
1002,2025-02-09,463311,6163,1078,335,1278.8,Female,45+
1009,2025-02-01,420872,8022,1148,403,1971.88,Male,18-24
1003,2025-01-02,60147,761,82,33,223.85,Male,35-44
1001,2025-02-02,96396,1662,213,71,294.23,Female,35-44
1016,2025-03-18,447882,8409,1192,397,2014.61,Male,35-44
1006,2025-01-30,480584,5006,647,253,1672.54,Female,45+
1017,2025-02-02,305931,4275,569,174,1448.55,Male,25-34
1005,2025-03-18,249839,4402,569,184,1195.24,Female,18-24
1005,2025-01-26,461162,6709,698,267,1151.18,Female,25-34
1006,2025-01-22,26727,338,55,17,53.64,Female,25-34
1003,2025-03-07,244423,2981,476,180,1210.33,Male,35-44
1005,2025-02-07,100081,1132,187,73,472.22,Female,35-44
1005,2025-03-31,389865,7240,863,336,844.58,Male,45+
1010,2025-02-15,246130,3877,502,237,1107.36,Female,18-24
1010,2025-01-15,73056,786,127,51,246.45,Female,45+
1019,2025-02-13,139153,1923,307,120,386.41,Female,25-34
1017,2025-02-18,170268,2328,350,133,789.4,Female,25-34
1014,2025-03-16,172807,2042,275,127,447.57,Female,25-34
1009,2025-03-02,240821,3457,661,316,1166.03,Male,35-44
1014,2025-03-08,85102,1133,151,71,222.7,Male,25-34
1001,2025-01-06,477794,6411,933,405,1835.23,Male,45+
1019,2025-01-09,161570,2809,471,154,431.27,Female,45+
1013,2025-01-06,81865,1001,154,54,297.74,Female,45+
1013,2025-03-14,167728,2753,370,114,679.62,Male,18-24
1004,2025-02-01,72695,1141,163,79,186.88,Female,45+
1001,2025-02-10,436116,6838,1227,530,1553.73,Female,35-44
1017,2025-03-17,122235,2032,259,116,416.48,Female,18-24
1008,2025-01-08,483115,7480,854,309,1069.19,Male,18-24
1002,2025-03-13,445917,8379,1100,516,1986.53,Male,18-24
1008,2025-02-19,113777,1906,352,123,342.13,Male,18-24
1007,2025-03-03,24033,371,40,12,89.49,Male,25-34
1002,2025-03-25,146877,2687,535,200,520.58,Male,45+
1003,2025-03-03,171923,2761,425,176,608.57,Female,25-34
1018,2025-01-07,31832,410,81,32,73.9,Female,25-34
1012,2025-03-16,199509,2408,466,220,652.48,Female,45+
1001,2025-03-25,382869,4411,640,205,1285.33,Female,25-34
1012,2025-03-21,150016,2849,341,140,630.21,Male,45+
1005,2025-01-04,287017,4908,571,229,1297.33,Male,25-34
1017,2025-01-06,45372,879,108,38,164.92,Female,25-34
1016,2025-02-27,94464,1514,258,119,213.52,Male,25-34
1015,2025-01-22,151451,2231,283,127,410.52,Female,25-34
1015,2025-01-26,122322,1296,173,77,305.17,Female,18-24
1005,2025-01-03,172823,2888,418,198,410.26,Female,35-44
1014,2025-02-10,367226,5810,1111,493,1137.56,Female,25-34
1002,2025-03-01,225894,4495,534,184,607.24,Male,45+
1011,2025-01-14,272254,3373,338,149,722.81,Female,25-34
1019,2025-03-16,452557,6927,734,265,979.37,Male,18-24
1007,2025-03-23,279231,4609,877,305,573.26,Female,35-44
1006,2025-01-12,421978,6939,1143,359,974.05,Female,18-24
1002,2025-03-28,349761,5460,695,311,880.21,Female,35-44
1006,2025-01-12,105483,1874,220,97,347.35,Female,45+
1018,2025-01-13,14596,175,22,7,51.55,Male,35-44
1002,2025-01-25,239627,4135,460,206,580.32,Female,18-24
1018,2025-02-14,112539,1822,353,170,368.49,Male,25-34
1015,2025-01-19,23313,442,78,25,70.53,Female,35-44
1019,2025-02-24,380319,7025,1027,355,969.92,Female,35-44
1002,2025-02-14,202621,2664,496,223,409.4,Female,18-24
1006,2025-01-08,119914,1530,191,67,407.83,Male,25-34
1001,2025-02-22,28705,568,97,41,116.45,Female,25-34
1015,2025-02-24,203436,3107,576,182,544.97,Female,18-24
1010,2025-02-01,340589,6493,880,343,815.85,Female,25-34
1019,2025-02-20,108892,1267,222,99,507.56,Female,25-34
1017,2025-02-13,214717,3527,456,199,606.59,Female,35-44
1005,2025-03-23,269167,4871,632,292,718.9,Male,45+
1004,2025-03-11,124654,2427,268,127,569.83,Male,35-44
1010,2025-01-18,195868,2619,377,171,871.87,Female,25-34
1017,2025-03-24,85073,1467,253,109,284.57,Female,25-34
1010,2025-01-22,359341,5529,1072,328,1246.09,Male,45+
1017,2025-02-06,69429,736,118,48,184.21,Female,45+
1005,2025-02-25,109195,1845,343,105,244.04,Male,45+
1002,2025-02-28,197699,3341,608,280,735.5,Female,35-44
1006,2025-01-03,38848,750,88,32,89.16,Female,25-34
1002,2025-01-28,436020,6528,969,399,1459.72,Male,35-44
1013,2025-03-15,413595,5088,568,202,1994.14,Female,25-34
1011,2025-02-04,457880,4782,804,367,2224.61,Male,25-34
1011,2025-03-02,294910,4174,813,388,801.56,Male,35-44
1016,2025-02-23,73099,951,108,41,283.06,Male,18-24
1011,2025-03-04,434276,7647,1325,626,1486.19,Female,18-24
1019,2025-03-20,492949,6675,1089,384,2280.9,Male,25-34
1015,2025-01-07,74122,1444,228,92,208.6,Male,25-34
1016,2025-03-17,152159,2985,414,195,306.01,Female,45+
1011,2025-02-18,53868,873,118,43,134.01,Female,18-24
1016,2025-03-26,124119,2393,250,122,378.39,Female,18-24
1008,2025-01-31,421441,7420,903,292,1242.06,Female,18-24
1004,2025-02-27,362430,5606,569,172,1585.3,Female,18-24
1008,2025-03-02,273787,3231,510,245,1106.56,Female,18-24
1004,2025-01-24,491275,7165,792,248,1424.04,Male,35-44
1003,2025-01-20,303871,4743,888,442,1025.03,Female,25-34
1003,2025-02-06,409221,7627,1161,569,935.76,Male,35-44
1018,2025-01-04,114079,1689,287,93,535.54,Female,45+
1019,2025-01-20,332841,6316,891,363,1599.73,Male,35-44
1019,2025-03-01,21029,352,54,18,103.87,Male,18-24
1005,2025-01-24,251353,2857,555,214,1157.65,Female,18-24
1018,2025-02-19,412442,8228,890,277,1040.13,Female,45+
1010,2025-02-18,199718,3050,382,131,427.11,Male,25-34
1006,2025-02-20,458819,6386,1136,423,1715.43,Female,35-44
1001,2025-02-05,426947,7083,778,301,2022.8,Female,45+
1005,2025-03-07,376602,4176,449,222,953.58,Male,45+
1009,2025-03-20,377528,6178,841,388,763.03,Male,45+
1012,2025-02-03,73926,1107,120,53,326.49,Male,25-34
1014,2025-02-05,142069,1998,316,128,316.87,Female,25-34
1002,2025-01-06,322650,6301,772,361,1045.75,Female,45+
1017,2025-02-08,345373,5258,996,366,1394.15,Female,25-34
1014,2025-02-11,448031,5462,974,430,1214.34,Female,18-24
1013,2025-02-27,47092,687,116,57,106.05,Male,35-44
1009,2025-01-12,329683,6327,1023,371,1420.95,Female,25-34
1015,2025-01-03,464293,5460,1017,442,1806.34,Male,45+
1015,2025-01-18,157889,1916,234,109,783.99,Female,35-44
1011,2025-02-09,173933,1761,329,158,527.53,Female,25-34
1016,2025-01-21,18428,186,33,14,40.27,Male,45+
1017,2025-01-15,180006,3293,575,205,756.57,Female,35-44
1004,2025-01-26,251627,4358,680,248,897.1,Female,35-44
1001,2025-01-08,250439,3393,422,128,661.06,Male,25-34
1008,2025-03-28,146330,2485,353,159,635.83,Female,25-34
1017,2025-02-11,62775,875,156,48,163.92,Male,35-44
1003,2025-02-13,217652,4250,438,207,605.5,Male,18-24
1015,2025-01-14,493163,9700,1728,559,1123.22,Male,25-34
1015,2025-03-19,272613,3796,470,157,871.9,Male,35-44
1014,2025-01-02,295998,5488,627,247,964.0,Female,25-34
1014,2025-02-06,142328,2523,281,125,504.37,Female,25-34
1002,2025-03-10,260158,3408,350,114,1073.64,Female,18-24
1013,2025-02-07,81256,1001,152,58,383.39,Male,25-34
1014,2025-02-10,432153,6301,767,304,1042.87,Female,35-44
1019,2025-03-03,366278,6524,1297,444,792.28,Female,25-34
1007,2025-03-01,137723,2699,424,136,283.1,Female,18-24
1003,2025-01-14,186360,3286,373,174,453.02,Female,35-44
1015,2025-03-30,351874,6527,1102,441,1398.29,Male,45+
1014,2025-03-25,423267,6785,1287,389,1770.29,Male,35-44
1011,2025-01-02,294530,5405,943,434,1284.01,Female,18-24
1015,2025-03-11,473270,8445,909,451,1292.56,Male,25-34
1013,2025-01-17,247634,3409,646,272,722.52,Female,45+
1018,2025-03-30,414400,6431,1153,462,1429.43,Female,18-24
1006,2025-01-28,38787,700,81,38,84.93,Female,35-44
1003,2025-03-07,26621,278,29,14,102.05,Male,25-34
1019,2025-02-04,473780,8566,1333,601,2345.78,Female,18-24
1015,2025-01-05,82984,977,112,43,255.79,Male,35-44
1005,2025-03-06,458008,6937,1272,532,1950.45,Male,35-44
1010,2025-02-09,443469,8019,1089,479,1552.19,Female,35-44
1007,2025-03-17,301195,3776,722,244,717.88,Male,18-24
1017,2025-02-25,316955,3948,618,240,1187.54,Male,18-24
1007,2025-02-05,35447,497,58,27,102.78,Female,25-34
1012,2025-02-14,133046,2520,287,123,279.82,Male,25-34
1017,2025-01-23,220002,2200,346,132,859.06,Male,18-24
1013,2025-02-16,498253,9473,1669,722,2280.4,Female,18-24
1004,2025-01-31,166326,1919,341,110,504.68,Female,18-24
1010,2025-01-11,351189,6988,891,338,1113.58,Male,45+
1003,2025-01-10,121859,2382,286,131,569.46,Female,35-44
1009,2025-03-08,193490,2892,294,101,859.26,Female,45+
1013,2025-01-14,412688,6242,1048,353,1710.53,Male,18-24
1018,2025-03-21,8471,125,13,6,23.26,Male,45+
1015,2025-03-15,243404,3980,565,193,1151.46,Female,18-24
1004,2025-01-10,125312,1366,218,76,308.67,Male,25-34
1015,2025-03-17,231876,2394,463,228,899.75,Female,35-44
1002,2025-01-01,144401,1527,200,89,301.28,Female,25-34
1015,2025-01-05,170937,2468,308,135,671.98,Male,25-34
1008,2025-01-20,51850,661,109,51,146.81,Male,18-24
1008,2025-01-08,321364,5212,843,272,1076.26,Female,18-24
1017,2025-02-12,248306,4947,658,290,753.81,Female,35-44
1012,2025-03-17,98808,1369,263,105,248.83,Female,35-44
1019,2025-01-01,142469,2242,413,192,550.78,Female,35-44
1010,2025-02-26,233981,3312,405,162,1087.06,Male,25-34
1009,2025-03-05,171597,3169,392,166,836.92,Female,35-44
1005,2025-03-25,58072,1104,166,65,149.65,Male,18-24
1006,2025-01-28,226178,4246,753,297,939.12,Male,18-24
1002,2025-02-06,88820,1753,183,83,354.66,Female,45+
1013,2025-02-16,482746,4960,839,357,1462.78,Male,18-24
1006,2025-03-17,28284,520,85,36,58.19,Male,35-44
1005,2025-02-06,459546,8050,991,386,1870.06,Female,18-24
1001,2025-02-18,88369,1085,182,73,427.4,Male,35-44
1006,2025-02-13,292266,5717,1109,498,1138.77,Male,35-44
1006,2025-02-25,397493,4563,477,221,1314.06,Female,18-24
1016,2025-01-28,337697,5671,748,328,1207.42,Female,25-34
1004,2025-03-20,217978,2669,383,185,566.5,Female,35-44
1011,2025-01-06,361932,5180,983,456,1538.8,Female,25-34
1009,2025-03-02,67812,1165,228,94,287.47,Female,18-24
1003,2025-01-20,275143,4301,621,269,670.4,Female,35-44
1019,2025-03-19,289580,4133,723,350,1341.89,Female,18-24
1008,2025-01-02,310107,4113,629,266,870.65,Male,45+
1005,2025-03-14,138168,2541,390,181,683.49,Male,25-34
1004,2025-02-06,249809,2857,365,159,786.58,Female,18-24
1006,2025-01-20,423495,6056,736,302,1072.99,Male,35-44
1002,2025-01-26,257164,4895,630,219,785.68,Male,25-34
1011,2025-01-29,376043,6941,1080,416,1248.67,Female,25-34
1004,2025-01-01,250317,3506,360,177,552.68,Male,25-34
1015,2025-02-04,293345,5171,986,425,1095.54,Female,25-34
1006,2025-03-11,155787,2840,328,135,590.88,Male,25-34
1017,2025-02-28,165381,3123,381,185,697.38,Female,18-24
1006,2025-03-10,151150,2334,354,147,315.53,Male,25-34
1019,2025-02-02,454830,5478,936,379,1648.17,Male,25-34
1002,2025-02-20,10105,126,13,5,21.81,Male,35-44
1015,2025-03-19,384810,4985,656,290,1579.04,Female,35-44
1011,2025-01-12,361992,5769,1135,384,784.5,Male,25-34
1008,2025-01-20,269983,2788,351,138,1278.42,Male,35-44
1019,2025-02-22,73920,1209,158,62,303.53,Female,35-44
1013,2025-03-29,310763,4239,778,292,1094.56,Female,25-34
1012,2025-02-12,47821,619,65,26,158.98,Male,35-44
1005,2025-03-30,130736,2457,359,137,312.72,Male,25-34
1006,2025-02-19,411709,6010,829,281,1182.84,Male,45+
1004,2025-01-29,22069,241,31,11,101.67,Male,18-24
1019,2025-02-26,12531,228,29,9,59.06,Female,25-34
1001,2025-02-08,435267,4560,497,206,871.51,Male,35-44
1017,2025-02-25,143808,2483,326,153,543.94,Male,18-24
1012,2025-02-12,143782,2550,265,117,597.83,Female,18-24
1015,2025-02-19,72155,975,173,64,278.25,Male,25-34
1001,2025-01-23,412191,7521,1051,333,925.38,Male,25-34
1014,2025-02-13,67424,1021,147,50,178.89,Male,35-44
1006,2025-02-07,312747,4576,866,354,860.37,Female,35-44
1005,2025-03-25,421468,4406,730,249,1894.57,Female,18-24
1011,2025-01-23,479013,6179,622,254,1623.66,Male,18-24
1004,2025-02-14,137503,2655,515,178,475.83,Male,35-44
1013,2025-02-21,210675,2932,362,170,1012.23,Female,25-34
1011,2025-03-21,173553,2684,297,112,678.81,Male,35-44
1003,2025-02-19,359717,5510,974,340,1689.23,Male,18-24
1001,2025-01-08,145629,2316,347,160,490.7,Female,25-34
1006,2025-03-26,473187,5022,720,265,1158.51,Female,25-34
1018,2025-01-01,370446,5046,630,203,1774.36,Female,25-34
1010,2025-01-08,136234,2347,363,150,459.94,Male,25-34
1005,2025-01-29,432958,5197,662,275,1101.83,Male,25-34
1010,2025-01-05,24675,296,56,24,71.73,Male,25-34
1012,2025-03-27,78997,797,96,33,170.03,Male,18-24
1002,2025-02-16,153087,2200,414,160,521.25,Female,18-24
1013,2025-02-03,448273,8439,1315,468,2043.85,Male,25-34
1008,2025-03-06,430807,4531,828,261,2068.19,Male,25-34
1002,2025-02-24,491799,5857,1003,476,2359.56,Female,25-34
1001,2025-03-31,236390,3096,525,234,561.59,Female,25-34
1005,2025-02-12,145905,2526,334,120,459.04,Male,35-44
1009,2025-03-15,275040,4512,556,233,573.37,Female,45+
1017,2025-01-30,431188,6105,739,251,1968.59,Female,25-34
1009,2025-03-23,316877,5574,1035,494,974.8,Male,18-24
1011,2025-01-17,256435,4127,751,242,998.39,Male,18-24
1015,2025-01-26,46800,887,127,38,193.97,Male,35-44
1006,2025-01-08,101044,1837,208,83,332.39,Male,25-34
1003,2025-02-16,272491,3413,471,196,795.49,Female,18-24
1017,2025-03-17,195135,2481,401,166,953.55,Female,35-44
1005,2025-03-13,494066,5560,808,251,2417.69,Male,18-24
1012,2025-03-30,138715,1854,330,119,397.88,Male,25-34
1018,2025-02-15,307929,6157,1229,491,1058.93,Female,25-34
1014,2025-03-09,285825,4017,478,164,1405.84,Male,35-44
1011,2025-02-02,448242,5470,798,378,903.03,Male,18-24
1009,2025-01-01,371008,6538,935,296,1201.34,Male,45+
1002,2025-01-19,414108,6387,833,331,953.02,Male,35-44
1012,2025-01-31,314443,3614,432,189,1109.19,Female,18-24
1003,2025-03-21,22073,304,32,11,45.78,Male,18-24
1003,2025-01-14,369448,5225,986,418,1189.88,Female,25-34
1001,2025-02-22,35682,625,88,40,94.99,Male,35-44
1008,2025-02-17,233870,2387,357,120,841.91,Male,35-44
1008,2025-03-10,232966,2956,566,273,1162.03,Female,25-34
1011,2025-03-31,391446,5940,1055,433,1722.99,Male,45+
1009,2025-03-03,412505,5234,591,212,1871.5,Female,18-24
1005,2025-03-07,120359,1959,306,118,470.1,Male,18-24
1014,2025-03-05,406143,6018,867,314,862.92,Male,45+
1003,2025-03-11,446546,6080,1092,485,1170.13,Male,35-44
1005,2025-03-04,71707,1397,240,110,342.41,Male,25-34
1005,2025-03-14,256351,4184,707,329,794.26,Male,35-44
1019,2025-02-02,475670,5374,720,357,1099.23,Female,45+
1014,2025-02-10,243511,3798,685,313,1000.15,Female,35-44
1004,2025-03-30,240718,4286,451,189,697.69,Male,35-44
1013,2025-02-17,70428,1203,139,51,197.66,Male,35-44
1010,2025-01-13,55601,651,86,35,277.67,Female,18-24
1018,2025-03-14,475681,9382,1010,311,2175.96,Female,35-44
1008,2025-03-18,400755,5806,717,321,1291.96,Male,18-24
1008,2025-01-31,116487,1350,247,96,575.54,Male,45+
1007,2025-03-16,158741,1873,364,110,627.08,Female,25-34
1008,2025-03-09,469184,5152,672,210,1982.8,Male,35-44
1014,2025-01-04,418860,7554,955,360,877.32,Female,25-34
1019,2025-01-19,416961,4678,598,249,986.04,Male,18-24
1006,2025-03-11,256924,2890,369,144,1001.81,Female,25-34
1001,2025-03-23,264153,4888,506,214,1240.75,Female,45+
1015,2025-01-13,295372,3971,765,302,1143.45,Male,45+
1001,2025-01-23,254430,2622,318,137,611.16,Female,25-34
1017,2025-03-24,432737,4551,646,222,1015.75,Male,45+
1001,2025-03-16,127788,1459,147,47,579.21,Male,35-44
1015,2025-01-01,102239,1240,230,96,247.2,Male,35-44
1002,2025-03-29,31928,531,91,36,113.69,Male,18-24
1014,2025-02-23,285466,3303,643,196,602.72,Female,45+
1008,2025-03-12,455930,5101,908,341,1022.2,Male,25-34
1008,2025-03-30,355040,6265,823,264,1426.21,Male,45+
1019,2025-03-26,67292,1124,140,56,273.71,Male,35-44
1007,2025-01-15,34055,488,82,31,103.0,Male,35-44
1019,2025-03-06,310035,4803,655,276,820.61,Female,35-44
1006,2025-03-17,86912,1140,178,82,385.99,Male,25-34
1006,2025-03-12,142660,2114,212,76,378.24,Female,25-34
1003,2025-01-15,357680,5389,572,281,1296.98,Female,25-34
1007,2025-01-21,273448,3793,582,236,1341.16,Female,18-24
1019,2025-01-19,12345,235,36,15,30.17,Male,25-34
1008,2025-03-01,165372,1680,294,128,797.53,Male,35-44
1010,2025-03-30,422475,7529,852,369,1076.75,Male,45+
1015,2025-02-02,96006,1079,163,65,355.45,Male,18-24
1015,2025-02-18,486769,8749,1045,403,1524.09,Female,25-34
1001,2025-02-04,413568,6682,730,226,2024.33,Female,18-24
1007,2025-02-13,134350,2476,349,106,378.95,Male,18-24
1004,2025-03-31,169437,1859,216,80,542.02,Male,18-24
1006,2025-01-11,286590,4467,545,199,1418.21,Male,35-44
1001,2025-03-13,269480,4045,532,200,972.66,Male,18-24
1005,2025-03-19,329176,5616,707,231,1154.71,Male,35-44
1001,2025-03-15,211487,3244,352,157,586.52,Male,18-24
1004,2025-03-07,102852,1584,172,81,422.11,Male,45+
1002,2025-02-15,497092,7106,847,413,1015.62,Female,35-44
1010,2025-01-09,143593,1879,197,78,308.52,Female,45+
1005,2025-01-03,207779,3079,500,220,789.16,Female,45+
1010,2025-03-26,159553,1784,229,107,482.65,Female,45+
1001,2025-01-26,285618,5602,716,274,1388.09,Male,45+
1006,2025-03-13,182832,3134,417,150,861.06,Male,35-44
1013,2025-02-17,322862,6303,1048,510,1337.01,Male,18-24
1015,2025-03-07,311773,3824,715,288,1388.77,Male,25-34
1004,2025-03-11,50232,944,166,66,201.03,Male,18-24
1013,2025-01-28,353688,6397,1105,370,840.63,Female,35-44
1015,2025-01-26,465385,7805,1158,372,1999.59,Male,25-34
1008,2025-01-25,264013,4290,726,340,694.51,Female,45+
1005,2025-01-12,317813,4184,649,274,944.01,Male,45+
1015,2025-01-05,214093,3888,472,172,954.36,Female,25-34
1004,2025-02-17,336328,5050,610,206,1214.0,Male,25-34
1012,2025-02-06,184017,1970,255,104,842.77,Female,45+
1013,2025-03-20,18140,238,45,18,47.87,Male,25-34
1002,2025-02-13,393612,7617,1178,402,1504.91,Male,35-44
1019,2025-01-15,88457,1637,283,133,199.15,Male,18-24
1019,2025-02-12,19357,383,51,16,76.06,Male,35-44
1004,2025-02-17,116672,1899,267,99,500.24,Female,25-34
1004,2025-03-28,335817,4189,471,205,1260.92,Male,45+
1011,2025-03-11,126673,1472,172,61,354.52,Female,25-34
1005,2025-02-15,70633,838,153,71,147.91,Male,18-24
1011,2025-02-12,213015,2172,344,154,502.36,Female,18-24
1010,2025-01-21,101111,1406,188,86,390.99,Male,25-34
1008,2025-01-23,345402,4115,741,239,1659.06,Male,45+
1006,2025-03-21,411140,5803,723,237,1077.02,Female,35-44
1006,2025-02-16,74286,1437,283,101,312.38,Male,25-34
1008,2025-01-15,98269,1405,188,75,451.97,Male,25-34
1015,2025-01-25,263635,4951,662,297,939.24,Female,25-34
1014,2025-02-05,79071,1269,166,77,316.9,Male,35-44
1011,2025-03-16,455542,5681,637,280,2024.91,Female,35-44
1012,2025-02-20,226095,3065,340,165,629.0,Male,25-34
1013,2025-01-15,35651,386,63,28,103.06,Female,35-44
1008,2025-03-09,75202,1002,187,67,150.55,Female,35-44
1018,2025-01-21,53777,902,161,56,262.93,Female,45+
1001,2025-01-13,153066,1641,187,82,727.47,Female,45+
1015,2025-03-27,334407,4030,622,210,1435.84,Male,35-44
1008,2025-01-19,195706,2703,298,94,437.84,Male,35-44
1011,2025-02-03,105158,2084,217,88,351.49,Female,25-34
1012,2025-03-19,277944,4960,821,381,640.85,Male,35-44
1012,2025-03-09,304967,5286,811,259,624.5,Male,25-34
1004,2025-02-21,244647,2730,295,135,941.54,Male,25-34
1016,2025-01-27,331022,5895,610,282,1616.21,Female,25-34
1004,2025-01-29,285852,5103,1015,402,1345.96,Male,35-44
1005,2025-01-28,148891,2383,245,76,609.0,Male,18-24
1005,2025-02-04,210977,4199,606,202,483.12,Female,25-34
1008,2025-01-08,68870,912,137,60,194.39,Male,25-34
1010,2025-01-16,14283,277,30,13,42.28,Female,18-24
1017,2025-02-05,166645,3190,372,178,714.82,Female,18-24
1009,2025-01-30,345851,3498,472,196,1524.08,Female,35-44
1019,2025-01-18,429149,6223,1096,356,1354.1,Male,35-44
1014,2025-01-02,10774,213,32,10,35.05,Male,25-34
1008,2025-02-18,208127,2295,375,166,444.04,Female,45+
1009,2025-03-18,147055,2276,451,151,421.67,Female,35-44
1011,2025-01-04,101468,2008,355,129,340.31,Female,25-34
1001,2025-03-31,363478,5653,810,321,854.52,Female,35-44
1014,2025-03-30,285277,3394,490,149,958.47,Female,45+
1005,2025-03-16,413155,6536,1058,370,1883.79,Female,25-34
1014,2025-01-07,5781,69,11,4,21.64,Male,18-24
1004,2025-03-15,119586,1817,272,96,267.49,Female,45+
1001,2025-02-08,454916,4885,803,262,1171.42,Female,35-44
1019,2025-01-13,294768,4732,484,215,1009.18,Female,18-24
1008,2025-01-31,11823,179,25,11,36.47,Male,25-34
1015,2025-03-12,23489,408,52,18,72.26,Male,25-34
1015,2025-03-04,176033,2870,324,147,631.57,Male,45+
1009,2025-02-25,296262,4590,504,190,1111.93,Male,25-34
1009,2025-02-11,105417,1781,285,114,462.84,Female,25-34
1010,2025-03-02,86816,993,151,71,262.44,Male,35-44
1009,2025-02-11,158335,2526,316,142,699.27,Female,25-34
1003,2025-02-25,280709,3290,483,222,846.57,Female,18-24
1011,2025-02-05,156426,3012,449,146,338.87,Female,25-34
1006,2025-03-25,179023,1912,228,71,655.68,Female,35-44
1002,2025-03-09,358323,5125,846,404,1348.62,Female,18-24
1007,2025-01-07,28648,485,86,32,137.61,Female,35-44
1018,2025-02-23,448945,6545,1172,419,1875.77,Male,25-34
1002,2025-01-01,46971,512,82,36,223.27,Male,25-34
1017,2025-02-13,23658,367,55,25,111.79,Male,25-34
1011,2025-02-14,26253,430,45,21,100.12,Male,25-34
1012,2025-02-16,462382,7878,1014,368,1656.85,Male,35-44
1019,2025-01-13,184635,2535,277,130,678.04,Female,25-34
1007,2025-01-22,162462,2540,498,153,801.75,Male,35-44
1006,2025-01-21,355808,5161,585,181,1536.91,Male,18-24
1001,2025-03-27,187650,3137,361,153,435.12,Male,45+
1017,2025-01-09,215097,3406,643,201,932.51,Female,35-44
1011,2025-01-26,108850,1660,322,117,273.39,Female,35-44
1018,2025-01-09,430874,5383,950,412,1440.0,Female,25-34
1017,2025-01-15,142924,1432,143,52,376.09,Male,25-34
1007,2025-01-10,231058,2712,271,91,940.12,Male,18-24
1017,2025-03-29,138623,1548,213,75,642.09,Male,45+
1009,2025-02-11,339091,4913,561,219,973.56,Male,25-34
1017,2025-03-13,66001,1064,108,42,148.24,Male,35-44
1008,2025-01-24,185231,2247,328,149,536.33,Female,35-44
1017,2025-03-21,127775,2477,481,216,513.28,Male,25-34
1007,2025-02-18,449923,4529,599,234,1343.6,Female,35-44
1001,2025-01-26,38243,677,112,52,108.39,Male,35-44
1013,2025-02-06,157872,2565,423,136,403.1,Female,35-44
1019,2025-03-09,343083,4712,589,206,1198.23,Female,25-34
1019,2025-02-19,324972,3413,563,262,918.97,Female,25-34
1017,2025-01-24,266716,4340,526,197,1118.35,Female,18-24
1013,2025-01-19,405455,5618,630,312,904.11,Male,35-44
1016,2025-03-01,273854,5302,902,354,1093.25,Male,35-44
1008,2025-02-08,419600,6470,720,330,1138.24,Male,25-34
1019,2025-03-15,419254,8132,1623,617,1453.9,Female,45+
1018,2025-03-30,176918,2159,255,98,505.68,Male,18-24
1001,2025-01-18,224055,3866,616,231,933.93,Male,45+
1014,2025-01-19,466037,7536,1063,471,2253.72,Male,45+
1019,2025-02-05,305135,5307,597,244,1449.77,Male,45+
1015,2025-03-15,215129,2613,268,130,806.79,Female,35-44
1018,2025-02-24,405187,6746,1094,383,1372.71,Female,25-34
1002,2025-03-10,427355,6401,1156,370,1903.82,Male,18-24
1017,2025-02-16,352589,6145,1131,428,1427.98,Male,35-44
1018,2025-02-18,213139,2828,419,177,543.65,Male,25-34
1006,2025-02-02,85257,1611,286,135,380.48,Female,18-24
1019,2025-01-21,482958,5236,875,323,1587.32,Female,35-44
1004,2025-03-22,304855,5509,949,408,782.55,Female,25-34
1001,2025-01-22,11530,214,31,11,32.81,Male,45+
1008,2025-02-17,278260,5056,825,349,779.85,Female,35-44
1007,2025-02-06,70794,1070,193,92,251.86,Female,35-44
1003,2025-01-15,398498,5731,801,277,1077.18,Female,35-44
1010,2025-02-04,215545,4302,776,295,510.99,Female,45+
